{
  "user_id": "mannan",
  "n_samples": 20,
  "n_features": 14,
  "feature_names": [
    "avg_dwell_time",
    "std_dwell_time",
    "avg_flight_time",
    "std_flight_time",
    "typing_speed",
    "backspace_rate",
    "otp_response_time",
    "current_amount",
    "amount_vs_avg_last3",
    "time_since_last_txn",
    "is_known_device",
    "geo_distance_km",
    "current_hour_of_day",
    "otp_attempts_count"
  ],
  "scaler_mean": [
    104.6,
    20.35,
    72.5,
    16.75,
    7.639999999999999,
    4.1,
    9.873099999999999,
    10174.6,
    169.33297034499998,
    0.0,
    1.0,
    0.0,
    17.95,
    1.0
  ],
  "scaler_std": [
    8.416650165000325,
    2.7069355367278325,
    4.8218253804964775,
    2.3637893307145625,
    0.9156418513807678,
    1.3747727084867518,
    4.127985003606481,
    28368.014307314494,
    472.80693775444934,
    1.0,
    1.0,
    1.0,
    8.913332710047348,
    1.0
  ],
  "support_vectors": [
    [
      0.8792096445652521,
      -1.9764046566351294,
      1.1406468642034677,
      0.9518614754555286,
      -0.8081762524114583,
      -0.07273929674533054,
      -0.9183899642774485,
      -0.35513941479514605,
      -0.35461954331997775,
      0.0,
      0.0,
      0.0,
      0.5665669805310314,
      0.0
    ],
    [
      -1.7346568663044142,
      -0.1292975009013641,
      -0.7258661863112977,
      0.9518614754555286,
      1.8129359175716557,
      -1.5275252316519465,
      1.1271601025524365,
      -0.3516143178702543,
      -0.35109508150071095,
      0.0,
      0.0,
      0.0,
      0.5665669805310314,
      0.0
    ],
    [
      -0.07128726847826294,
      0.9789667925388951,
      -1.762817881041723,
      -0.7403367031320778,
      -1.026602266576718,
      -0.8001322641986386,
      1.0641753776145195,
      -0.35513941479514605,
      -0.35461954331997775,
      0.0,
      0.0,
      0.0,
      0.5665669805310314,
      0.0
    ],
    [
      0.5227733021739339,
      0.9789667925388951,
      -0.7258661863112977,
      -2.0094853370727828,
      -0.9173892594940887,
      0.6546536707079775,
      1.724061495810233,
      3.16643241317173,
      3.1663178141275323,
      0.0,
      0.0,
      0.0,
      0.5665669805310314,
      0.0
    ],
    [
      -1.1405962956522173,
      1.3483882236856481,
      1.1406468642034677,
      0.1057623861617254,
      0.7208058467453583,
      1.3820466381612855,
      -0.15409455205003408,
      -0.341039027095579,
      -0.3405217171931925,
      0.0,
      0.0,
      0.0,
      0.5665669805310314,
      0.0
    ],
    [
      0.6415854163043733,
      -1.9764046566351294,
      -1.1406468642034677,
      0.9518614754555286,
      -0.698963245328829,
      -0.07273929674533054,
      1.6470263322323198,
      2.813922720682553,
      2.813869517172668,
      0.0,
      0.0,
      0.0,
      0.5665669805310314,
      0.0
    ],
    [
      -1.1405962956522173,
      -0.8681403631948702,
      -0.7258661863112977,
      -1.586435792425881,
      -0.15289820991568032,
      -0.8001322641986386,
      -1.0022080982332917,
      -0.08293143025500374,
      -0.08246065620392451,
      0.0,
      0.0,
      0.0,
      0.5665669805310314,
      0.0
    ],
    [
      -0.9029720673913385,
      0.24012393024538897,
      0.7258661863112977,
      0.528811930808627,
      1.594509903406395,
      -0.8001322641986386,
      2.1739177812322015,
      -0.33099250085963744,
      -0.3304768984294152,
      0.0,
      0.0,
      0.0,
      0.5665669805310314,
      0.0
    ],
    [
      1.5920823293478883,
      0.24012393024538897,
      -0.3110855084191276,
      -2.0094853370727828,
      -0.04368520283305096,
      -1.5275252316519465,
      -0.1150924723769395,
      -0.32658612970352274,
      -0.326071506220298,
      0.0,
      0.0,
      0.0,
      0.5665669805310314,
      0.0
    ],
    [
      1.7108944434783275,
      0.9789667925388951,
      0.9332565252573828,
      0.9518614754555286,
      0.06552780424957935,
      1.3820466381612855,
      -0.954727305587785,
      -0.32341354247112014,
      -0.32289938694657677,
      0.0,
      0.0,
      0.0,
      0.5665669805310314,
      0.0
    ],
    [
      0.5227733021739339,
      -0.4987189320481171,
      -1.1406468642034677,
      0.528811930808627,
      1.266870882158507,
      0.6546536707079775,
      -0.895376314780902,
      -0.35831200202754865,
      -0.35811163272932883,
      0.0,
      0.0,
      0.0,
      -2.0138370892142596,
      0.0
    ],
    [
      -1.0217841815217779,
      1.3483882236856481,
      -0.7258661863112977,
      0.528811930808627,
      -0.698963245328829,
      1.3820466381612855,
      -0.6267222380264796,
      -0.35686671228834305,
      -0.35783873043095554,
      0.0,
      0.0,
      0.0,
      -2.0138370892142596,
      0.0
    ],
    [
      -1.7346568663044142,
      1.3483882236856481,
      0.7258661863112977,
      -1.1633862477789794,
      -1.1358152736593483,
      -0.07273929674533054,
      -1.0877219747836173,
      -0.32863068591996,
      -0.3094543642694742,
      0.0,
      0.0,
      0.0,
      -2.0138370892142596,
      0.0
    ]
  ],
  "dual_coef": [
    [
      0.26612840804388505,
      0.30330808515959873,
      0.07290525252216666,
      0.4960849845855261,
      0.04768915224274119,
      0.4540491894925926,
      0.012901652362808838,
      0.14812458497852923,
      0.26433717170997656,
      0.23998793568999702,
      0.20927660344798207,
      0.12347871720751546,
      0.3617282625566798
    ]
  ],
  "intercept": -0.6999086077869408,
  "gamma": 0.07142857142857142
}