{
  "user_id": "mannan",
  "n_samples": 13,
  "n_features": 14,
  "feature_names": [
    "avg_dwell_time",
    "std_dwell_time",
    "avg_flight_time",
    "std_flight_time",
    "typing_speed",
    "backspace_rate",
    "otp_response_time",
    "current_amount",
    "amount_vs_avg_last3",
    "time_since_last_txn",
    "is_known_device",
    "geo_distance_km",
    "current_hour_of_day",
    "otp_attempts_count"
  ],
  "scaler_mean": [
    104.6923076923077,
    20.0,
    72.61538461538461,
    16.307692307692307,
    7.638461538461537,
    3.8461538461538463,
    11.647076923076924,
    15433.0,
    257.17388807692305,
    0.0,
    1.0,
    0.0,
    23.0,
    1.0
  ],
  "scaler_std": [
    7.838608740219691,
    2.7174648819470297,
    5.092052050287805,
    2.5835162498071793,
    0.9619998892839066,
    1.4595127662315595,
    4.105023797580013,
    34043.68907515978,
    567.3004630698316,
    1.0,
    1.0,
    1.0,
    1.0,
    1.0
  ],
  "support_vectors": [
    [
      0.9322690479748956,
      -1.839950180484968,
      1.0574548986220684,
      1.0421098348069744,
      -0.7676316252086398,
      0.10540925533894592,
      -1.3556747043360964,
      -0.4503918469631375,
      -0.45039183767680346,
      0.0,
      0.0,
      0.0,
      0.0,
      0.0
    ],
    [
      -1.8743514543495272,
      0.0,
      -0.7100054319319595,
      1.0421098348069744,
      1.7271711567194457,
      -1.264911064067352,
      0.7013170249147531,
      -0.4474544449742042,
      -0.447454434821564,
      0.0,
      0.0,
      0.0,
      0.0,
      0.0
    ],
    [
      -0.08832022559762184,
      1.103970108290981,
      -1.6919278377953084,
      -0.5061676340491011,
      -0.9755318570359804,
      -0.5797509043642031,
      0.6379799986706484,
      -0.4503918469631375,
      -0.45039183767680346,
      0.0,
      0.0,
      0.0,
      0.0,
      0.0
    ],
    [
      0.5495480703852016,
      1.103970108290981,
      -0.7100054319319595,
      -1.6673757356911578,
      -0.8715817411223106,
      0.7905694150420949,
      1.301557150551192,
      2.484072739981194,
      2.484073614707433,
      0.0,
      0.0,
      0.0,
      0.0,
      0.0
    ],
    [
      -1.236483158366704,
      1.4719601443879746,
      1.0574548986220684,
      0.26797110037893657,
      0.6876699975827436,
      1.475729574745244,
      -0.587104251258594,
      -0.4386422390074044,
      -0.43864224388318884,
      0.0,
      0.0,
      0.0,
      0.0,
      0.0
    ],
    [
      0.6771217295817662,
      -1.839950180484968,
      -1.1027743942772992,
      1.0421098348069744,
      -0.6636815092949699,
      0.10540925533894592,
      1.2240910953757105,
      2.1903325410878676,
      2.190331566449158,
      0.0,
      0.0,
      0.0,
      0.0,
      0.0
    ],
    [
      0.6771217295817662,
      0.7359800721939873,
      1.2538393797947383,
      1.0421098348069744,
      -0.8715817411223106,
      1.475729574745244,
      -1.0631063638777507,
      -0.4518605479576041,
      -0.45186054086715755,
      0.0,
      0.0,
      0.0,
      0.0,
      0.0
    ],
    [
      -1.236483158366704,
      -0.7359800721939873,
      -0.7100054319319595,
      -1.280306368477139,
      -0.14393092972661886,
      -0.5797509043642031,
      -1.4399616700301745,
      -0.22356566537771078,
      -0.22356563467375684,
      0.0,
      0.0,
      0.0,
      0.0,
      0.0
    ],
    [
      -0.9813358399735745,
      0.36799003609699366,
      0.6646859362767289,
      0.6550404675929554,
      1.5192709248921041,
      -0.5797509043642031,
      1.7539296803023565,
      -0.4302706433389446,
      -0.4302705602531415,
      0.0,
      0.0,
      0.0,
      0.0,
      0.0
    ],
    [
      1.6977110031542837,
      0.36799003609699366,
      -0.31723646958662,
      -1.6673757356911578,
      -0.03998081381294902,
      -1.264911064067352,
      -0.5478840157766677,
      -0.426598890852778,
      -0.42659896092334576,
      0.0,
      0.0,
      0.0,
      0.0,
      0.0
    ]
  ],
  "dual_coef": [
    [
      0.23313922245051105,
      0.2753687133158827,
      0.055753528206985134,
      0.36195724349750286,
      0.19506398243113982,
      0.32428218619089666,
      0.1262126107024395,
      0.0878685861120116,
      0.06312935768316014,
      0.22722456940947
    ]
  ],
  "intercept": -0.568499481325472,
  "gamma": 0.07142857142857142
}